# ************************************************************
# Sequel Pro SQL dump
# Version 4541
#
# http://www.sequelpro.com/
# https://github.com/sequelpro/sequelpro
#
# Host: 127.0.0.1 (MySQL 5.7.26)
# Database: aset
# Generation Time: 2020-04-12 15:04:18 +0000
# ************************************************************


/*!40101 SET @OLD_CHARACTER_SET_CLIENT=@@CHARACTER_SET_CLIENT */;
/*!40101 SET @OLD_CHARACTER_SET_RESULTS=@@CHARACTER_SET_RESULTS */;
/*!40101 SET @OLD_COLLATION_CONNECTION=@@COLLATION_CONNECTION */;
/*!40101 SET NAMES utf8 */;
/*!40014 SET @OLD_FOREIGN_KEY_CHECKS=@@FOREIGN_KEY_CHECKS, FOREIGN_KEY_CHECKS=0 */;
/*!40101 SET @OLD_SQL_MODE=@@SQL_MODE, SQL_MODE='NO_AUTO_VALUE_ON_ZERO' */;
/*!40111 SET @OLD_SQL_NOTES=@@SQL_NOTES, SQL_NOTES=0 */;


# Dump of table devices
# ------------------------------------------------------------

DROP TABLE IF EXISTS `devices`;

CREATE TABLE `devices` (
  `id` int(10) unsigned NOT NULL AUTO_INCREMENT,
  `serial_no` varchar(255) COLLATE utf8_unicode_ci NOT NULL,
  `type` enum('HHT','HHP') COLLATE utf8_unicode_ci NOT NULL,
  `status` enum('ACTIVE','LUPUS') COLLATE utf8_unicode_ci NOT NULL,
  `created_at` timestamp NULL DEFAULT NULL,
  `updated_at` timestamp NULL DEFAULT NULL,
  PRIMARY KEY (`id`),
  UNIQUE KEY `devices_serial_no_unique` (`serial_no`)
) ENGINE=InnoDB DEFAULT CHARSET=utf8 COLLATE=utf8_unicode_ci;

LOCK TABLES `devices` WRITE;
/*!40000 ALTER TABLE `devices` DISABLE KEYS */;

INSERT INTO `devices` (`id`, `serial_no`, `type`, `status`, `created_at`, `updated_at`)
VALUES
	(1,'251701310AACE6','HHT','ACTIVE','2020-04-03 20:29:22','2020-04-03 20:29:22'),
	(2,'251701327AACE6','HHT','ACTIVE','2020-04-03 20:29:22','2020-04-03 20:29:22'),
	(3,'251701332AACE6','HHT','ACTIVE','2020-04-03 20:29:22','2020-04-03 20:29:22'),
	(4,'251701335AACE6','HHT','ACTIVE','2020-04-03 20:29:22','2020-04-03 20:29:22'),
	(5,'251701352AACE6','HHT','ACTIVE','2020-04-03 20:29:22','2020-04-03 20:29:22'),
	(6,'251701354AACE6','HHT','ACTIVE','2020-04-03 20:29:22','2020-04-03 20:29:22'),
	(7,'251701358AACE6','HHT','ACTIVE','2020-04-03 20:29:22','2020-04-03 20:29:22'),
	(8,'251701359AACE6','HHT','ACTIVE','2020-04-03 20:29:22','2020-04-03 20:29:22'),
	(9,'251701360AACE6','HHT','ACTIVE','2020-04-03 20:29:22','2020-04-03 20:29:22'),
	(10,'251701362AACE6','HHT','ACTIVE','2020-04-03 20:29:22','2020-04-03 20:29:22'),
	(11,'251701364AACE6','HHT','ACTIVE','2020-04-03 20:29:22','2020-04-03 20:29:22'),
	(12,'251701367AACE6','HHT','ACTIVE','2020-04-03 20:29:22','2020-04-03 20:29:22'),
	(13,'251701371AACE6','HHT','ACTIVE','2020-04-03 20:29:22','2020-04-03 20:29:22'),
	(14,'251701383AACE6','HHT','ACTIVE','2020-04-03 20:29:22','2020-04-03 20:29:22'),
	(15,'251801401AACE6','HHT','ACTIVE','2020-04-03 20:29:22','2020-04-03 20:29:22'),
	(16,'251801406AACE6','HHT','ACTIVE','2020-04-03 20:29:22','2020-04-03 20:29:22'),
	(17,'251801411AACE6','HHT','ACTIVE','2020-04-03 20:29:22','2020-04-03 20:29:22'),
	(18,'251801412AACE6','HHT','ACTIVE','2020-04-03 20:29:22','2020-04-03 20:29:22'),
	(19,'251801414AACE6','HHT','ACTIVE','2020-04-03 20:29:22','2020-04-03 20:29:22'),
	(20,'251801415AACE6','HHT','ACTIVE','2020-04-03 20:29:22','2020-04-03 20:29:22'),
	(21,'251801416AACE6','HHT','ACTIVE','2020-04-03 20:29:22','2020-04-03 20:29:22'),
	(22,'251801427AACE6','HHT','ACTIVE','2020-04-03 20:29:22','2020-04-03 20:29:22'),
	(23,'251801438AACE6','HHT','ACTIVE','2020-04-03 20:29:22','2020-04-03 20:29:22'),
	(24,'251801457AACE8','HHT','ACTIVE','2020-04-03 20:29:22','2020-04-03 20:29:22'),
	(25,'251801501AACE6','HHT','ACTIVE','2020-04-03 20:29:22','2020-04-03 20:29:22'),
	(26,'251801517AACE6','HHT','ACTIVE','2020-04-03 20:29:22','2020-04-03 20:29:22'),
	(27,'251801537AACE6','HHT','ACTIVE','2020-04-03 20:29:22','2020-04-03 20:29:22'),
	(28,'251801619AACE6','HHT','ACTIVE','2020-04-03 20:29:22','2020-04-03 20:29:22'),
	(29,'251801649AACE6','HHT','ACTIVE','2020-04-03 20:29:22','2020-04-03 20:29:22'),
	(30,'251801652AACE6','HHT','ACTIVE','2020-04-03 20:29:22','2020-04-03 20:29:22'),
	(31,'251801660AACE8','HHT','ACTIVE','2020-04-03 20:29:22','2020-04-03 20:29:22'),
	(32,'253201663IBCE8','HHT','ACTIVE','2020-04-03 20:29:22','2020-04-03 20:29:22'),
	(33,'253201674IBCE8','HHT','ACTIVE','2020-04-03 20:29:22','2020-04-03 20:29:22'),
	(34,'253201678IBCE8','HHT','ACTIVE','2020-04-03 20:29:22','2020-04-03 20:29:22'),
	(35,'253201679IBCE8','HHT','ACTIVE','2020-04-03 20:29:22','2020-04-03 20:29:22'),
	(36,'253201681IBCE8','HHT','ACTIVE','2020-04-03 20:29:22','2020-04-03 20:29:22'),
	(37,'253201692IBCE8','HHT','ACTIVE','2020-04-03 20:29:22','2020-04-03 20:29:22'),
	(38,'253201695IBCE8','HHT','ACTIVE','2020-04-03 20:29:22','2020-04-03 20:29:22'),
	(39,'253201699IBCE8','HHT','ACTIVE','2020-04-03 20:29:22','2020-04-03 20:29:22'),
	(40,'253201700IBCE8','HHT','ACTIVE','2020-04-03 20:29:22','2020-04-03 20:29:22'),
	(41,'253201707IBCE8','HHT','ACTIVE','2020-04-03 20:29:22','2020-04-03 20:29:22'),
	(42,'253201708IBCE8','HHT','ACTIVE','2020-04-03 20:29:22','2020-04-03 20:29:22'),
	(43,'253201715IBCE8','HHT','ACTIVE','2020-04-03 20:29:22','2020-04-03 20:29:22'),
	(44,'253201725IBCE8','HHT','ACTIVE','2020-04-03 20:29:22','2020-04-03 20:29:22'),
	(45,'253201750IBCE8','HHT','ACTIVE','2020-04-03 20:29:22','2020-04-03 20:29:22'),
	(46,'253201751IBCE8','HHT','ACTIVE','2020-04-03 20:29:22','2020-04-03 20:29:22'),
	(47,'2532017571BCE8','HHT','ACTIVE','2020-04-03 20:29:22','2020-04-03 20:29:22'),
	(48,'253201797IBCE8','HHT','ACTIVE','2020-04-03 20:29:22','2020-04-03 20:29:22'),
	(49,'253201848IBCE8','HHT','ACTIVE','2020-04-03 20:29:22','2020-04-03 20:29:22'),
	(50,'253201855IBCE8','HHT','ACTIVE','2020-04-03 20:29:22','2020-04-03 20:29:22'),
	(51,'253201856IBCE8','HHT','ACTIVE','2020-04-03 20:29:22','2020-04-03 20:29:22'),
	(52,'253201857IBCE8','HHT','ACTIVE','2020-04-03 20:29:22','2020-04-03 20:29:22'),
	(53,'253201858IBCE8','HHT','ACTIVE','2020-04-03 20:29:22','2020-04-03 20:29:22'),
	(54,'253701874IBAA1','HHT','ACTIVE','2020-04-03 20:29:22','2020-04-03 20:29:22'),
	(55,'253B01951IACF8','HHT','ACTIVE','2020-04-03 20:29:22','2020-04-03 20:29:22'),
	(56,'253B01955IACF8','HHT','ACTIVE','2020-04-03 20:29:22','2020-04-03 20:29:22'),
	(57,'253B01961IACF8','HHT','ACTIVE','2020-04-03 20:29:22','2020-04-03 20:29:22'),
	(58,'253B01966IACF8','HHT','ACTIVE','2020-04-03 20:29:22','2020-04-03 20:29:22'),
	(59,'253B01967IACF8','HHT','ACTIVE','2020-04-03 20:29:22','2020-04-03 20:29:22'),
	(60,'253C01975IACF8','HHT','ACTIVE','2020-04-03 20:29:22','2020-04-03 20:29:22'),
	(61,'253C01985IACF8','HHT','ACTIVE','2020-04-03 20:29:22','2020-04-03 20:29:22'),
	(62,'254302028KACF8','HHT','ACTIVE','2020-04-03 20:29:22','2020-04-03 20:29:22'),
	(63,'254502041KACF8','HHT','ACTIVE','2020-04-03 20:29:22','2020-04-03 20:29:22'),
	(64,'254502048KACF8','HHT','ACTIVE','2020-04-03 20:29:22','2020-04-03 20:29:22'),
	(65,'25450205DKACF8','HHT','ACTIVE','2020-04-03 20:29:22','2020-04-03 20:29:22'),
	(66,'255402170IACO8','HHT','ACTIVE','2020-04-03 20:29:22','2020-04-03 20:29:22'),
	(128,'','HHP','ACTIVE','2020-04-03 20:29:25','2020-04-03 20:29:25'),
	(129,'MP 19963','HHP','ACTIVE','2020-04-03 20:29:25','2020-04-03 20:29:25'),
	(130,'MP 42654','HHP','ACTIVE','2020-04-03 20:29:25','2020-04-03 20:29:25'),
	(131,'MP 58501','HHP','ACTIVE','2020-04-03 20:29:25','2020-04-03 20:29:25'),
	(132,'MP 58525','HHP','ACTIVE','2020-04-03 20:29:25','2020-04-03 20:29:25'),
	(133,'MP 72977','HHP','ACTIVE','2020-04-03 20:29:25','2020-04-03 20:29:25'),
	(134,'MP 73548','HHP','ACTIVE','2020-04-03 20:29:25','2020-04-03 20:29:25'),
	(135,'MP 73549','HHP','ACTIVE','2020-04-03 20:29:25','2020-04-03 20:29:25'),
	(136,'MP 73555','HHP','ACTIVE','2020-04-03 20:29:25','2020-04-03 20:29:25'),
	(137,'MP 73576','HHP','ACTIVE','2020-04-03 20:29:25','2020-04-03 20:29:25'),
	(138,'MP 78887','HHP','ACTIVE','2020-04-03 20:29:25','2020-04-03 20:29:25'),
	(139,'MP 79580','HHP','ACTIVE','2020-04-03 20:29:25','2020-04-03 20:29:25'),
	(140,'MP 79583','HHP','ACTIVE','2020-04-03 20:29:25','2020-04-03 20:29:25'),
	(141,'MP 92237','HHP','ACTIVE','2020-04-03 20:29:25','2020-04-03 20:29:25'),
	(142,'MP 92253','HHP','ACTIVE','2020-04-03 20:29:25','2020-04-03 20:29:25'),
	(143,'MP 92261','HHP','ACTIVE','2020-04-03 20:29:25','2020-04-03 20:29:25'),
	(144,'MP 92268','HHP','ACTIVE','2020-04-03 20:29:25','2020-04-03 20:29:25'),
	(145,'MP 93879','HHP','ACTIVE','2020-04-03 20:29:25','2020-04-03 20:29:25'),
	(146,'MP 93881','HHP','ACTIVE','2020-04-03 20:29:25','2020-04-03 20:29:25'),
	(147,'MP 93886','HHP','ACTIVE','2020-04-03 20:29:25','2020-04-03 20:29:25'),
	(148,'MP 93892','HHP','ACTIVE','2020-04-03 20:29:25','2020-04-03 20:29:25'),
	(149,'MPA 17029','HHP','ACTIVE','2020-04-03 20:29:25','2020-04-03 20:29:25'),
	(150,'MPA 17105','HHP','ACTIVE','2020-04-03 20:29:25','2020-04-03 20:29:25'),
	(151,'MPA 17122','HHP','ACTIVE','2020-04-03 20:29:25','2020-04-03 20:29:25'),
	(152,'MPA 17134','HHP','ACTIVE','2020-04-03 20:29:25','2020-04-03 20:29:25'),
	(153,'MPA 17136','HHP','ACTIVE','2020-04-03 20:29:25','2020-04-03 20:29:25'),
	(154,'MPA 17145','HHP','ACTIVE','2020-04-03 20:29:25','2020-04-03 20:29:25'),
	(155,'MPA 37165','HHP','ACTIVE','2020-04-03 20:29:25','2020-04-03 20:29:25'),
	(156,'MPA 37174','HHP','ACTIVE','2020-04-03 20:29:25','2020-04-03 20:29:25'),
	(157,'MPA 38559','HHP','ACTIVE','2020-04-03 20:29:25','2020-04-03 20:29:25'),
	(158,'MPA 38562','HHP','ACTIVE','2020-04-03 20:29:25','2020-04-03 20:29:25'),
	(159,'MPA 38565','HHP','ACTIVE','2020-04-03 20:29:25','2020-04-03 20:29:25'),
	(160,'MPA 38569','HHP','ACTIVE','2020-04-03 20:29:25','2020-04-03 20:29:25'),
	(161,'MPA 38574','HHP','ACTIVE','2020-04-03 20:29:25','2020-04-03 20:29:25'),
	(162,'MPA 44415','HHP','ACTIVE','2020-04-03 20:29:25','2020-04-03 20:29:25'),
	(163,'MPA 44426','HHP','ACTIVE','2020-04-03 20:29:25','2020-04-03 20:29:25'),
	(164,'MPA 45857','HHP','ACTIVE','2020-04-03 20:29:25','2020-04-03 20:29:25'),
	(165,'MPA 45859','HHP','ACTIVE','2020-04-03 20:29:25','2020-04-03 20:29:25'),
	(166,'MPA 51954','HHP','ACTIVE','2020-04-03 20:29:25','2020-04-03 20:29:25'),
	(167,'MPA 51957','HHP','ACTIVE','2020-04-03 20:29:25','2020-04-03 20:29:25'),
	(168,'MPA 51961','HHP','ACTIVE','2020-04-03 20:29:25','2020-04-03 20:29:25'),
	(169,'MPA 51964 ','HHP','ACTIVE','2020-04-03 20:29:25','2020-04-03 20:29:25'),
	(170,'MPA 51976','HHP','ACTIVE','2020-04-03 20:29:25','2020-04-03 20:29:25'),
	(171,'MPA 51978 ','HHP','ACTIVE','2020-04-03 20:29:25','2020-04-03 20:29:25'),
	(172,'MPA37163','HHP','ACTIVE','2020-04-03 20:29:25','2020-04-03 20:29:25'),
	(173,'MPA37168','HHP','ACTIVE','2020-04-03 20:29:25','2020-04-03 20:29:25'),
	(174,'MPA37176','HHP','ACTIVE','2020-04-03 20:29:25','2020-04-03 20:29:25'),
	(175,'MPA44275','HHP','ACTIVE','2020-04-03 20:29:25','2020-04-03 20:29:25'),
	(176,'MPA44308','HHP','ACTIVE','2020-04-03 20:29:25','2020-04-03 20:29:25'),
	(177,'MPA44409','HHP','ACTIVE','2020-04-03 20:29:25','2020-04-03 20:29:25'),
	(178,'MPA44429','HHP','ACTIVE','2020-04-03 20:29:25','2020-04-03 20:29:25'),
	(179,'MPA45869','HHP','ACTIVE','2020-04-03 20:29:25','2020-04-03 20:29:25'),
	(180,'MPA45889','HHP','ACTIVE','2020-04-03 20:29:25','2020-04-03 20:29:25'),
	(181,'MPA45891','HHP','ACTIVE','2020-04-03 20:29:25','2020-04-03 20:29:25'),
	(182,'MPA45892','HHP','ACTIVE','2020-04-03 20:29:25','2020-04-03 20:29:25'),
	(183,'MPA45894','HHP','ACTIVE','2020-04-03 20:29:25','2020-04-03 20:29:25'),
	(184,'MPA45896','HHP','ACTIVE','2020-04-03 20:29:25','2020-04-03 20:29:25'),
	(185,'MPA45901','HHP','ACTIVE','2020-04-03 20:29:25','2020-04-03 20:29:25'),
	(186,'MPA45906','HHP','ACTIVE','2020-04-03 20:29:25','2020-04-03 20:29:25'),
	(187,'MPA51947','HHP','ACTIVE','2020-04-03 20:29:25','2020-04-03 20:29:25'),
	(188,'MPA51965','HHP','ACTIVE','2020-04-03 20:29:25','2020-04-03 20:29:25'),
	(189,'MPA51985','HHP','ACTIVE','2020-04-03 20:29:25','2020-04-03 20:29:25'),
	(190,'MPA51989','HHP','ACTIVE','2020-04-03 20:29:25','2020-04-03 20:29:25'),
	(191,'MPA51992','HHP','ACTIVE','2020-04-03 20:29:25','2020-04-03 20:29:25'),
	(192,'MPA51994','HHP','ACTIVE','2020-04-03 20:29:25','2020-04-03 20:29:25'),
	(255,'MPA17122','HHP','ACTIVE','2020-04-03 20:29:28','2020-04-03 20:29:28'),
	(256,'MPA45857','HHP','ACTIVE','2020-04-03 20:29:28','2020-04-03 20:29:28'),
	(257,'MPA17105','HHP','ACTIVE','2020-04-03 20:29:28','2020-04-03 20:29:28'),
	(258,'MPA17134','HHP','ACTIVE','2020-04-03 20:29:28','2020-04-03 20:29:28'),
	(259,'MPA44415','HHP','ACTIVE','2020-04-03 20:29:28','2020-04-03 20:29:28'),
	(260,'MP79592','HHP','ACTIVE','2020-04-03 20:29:28','2020-04-03 20:29:28'),
	(261,'MP58501','HHP','ACTIVE','2020-04-03 20:29:28','2020-04-03 20:29:28'),
	(262,'MP50895','HHP','ACTIVE','2020-04-03 20:29:28','2020-04-03 20:29:28'),
	(263,'MP93879','HHP','ACTIVE','2020-04-03 20:29:28','2020-04-03 20:29:28'),
	(264,'MP58525','HHP','ACTIVE','2020-04-03 20:29:28','2020-04-03 20:29:28'),
	(265,'MP78887','HHP','ACTIVE','2020-04-03 20:29:28','2020-04-03 20:29:28'),
	(266,'MP19963','HHP','ACTIVE','2020-04-03 20:29:28','2020-04-03 20:29:28'),
	(267,'MP42654','HHP','ACTIVE','2020-04-03 20:29:28','2020-04-03 20:29:28'),
	(268,'MPA38559','HHP','ACTIVE','2020-04-03 20:29:28','2020-04-03 20:29:28'),
	(269,'MP79610','HHP','ACTIVE','2020-04-03 20:29:28','2020-04-03 20:29:28'),
	(270,'MPA37174','HHP','ACTIVE','2020-04-03 20:29:28','2020-04-03 20:29:28'),
	(271,'MP79595','HHP','ACTIVE','2020-04-03 20:29:28','2020-04-03 20:29:28'),
	(272,'MP79566','HHP','ACTIVE','2020-04-03 20:29:28','2020-04-03 20:29:28'),
	(273,'MP79569','HHP','ACTIVE','2020-04-03 20:29:28','2020-04-03 20:29:28'),
	(274,'MP79583','HHP','ACTIVE','2020-04-03 20:29:28','2020-04-03 20:29:28'),
	(275,'MPA37165','HHP','ACTIVE','2020-04-03 20:29:28','2020-04-03 20:29:28'),
	(276,'MP93886','HHP','ACTIVE','2020-04-03 20:29:28','2020-04-03 20:29:28'),
	(277,'MH16694','HHP','ACTIVE','2020-04-03 20:29:28','2020-04-03 20:29:28'),
	(278,'MP93888','HHP','ACTIVE','2020-04-03 20:29:28','2020-04-03 20:29:28'),
	(279,'MP79580','HHP','ACTIVE','2020-04-03 20:29:28','2020-04-03 20:29:28'),
	(280,'MPA17136','HHP','ACTIVE','2020-04-03 20:29:28','2020-04-03 20:29:28'),
	(281,'MP93881','HHP','ACTIVE','2020-04-03 20:29:28','2020-04-03 20:29:28'),
	(282,'MPA38569','HHP','ACTIVE','2020-04-03 20:29:28','2020-04-03 20:29:28'),
	(283,'MPA51982','HHP','ACTIVE','2020-04-03 20:29:28','2020-04-03 20:29:28'),
	(284,'MP92462','HHP','ACTIVE','2020-04-03 20:29:28','2020-04-03 20:29:28'),
	(285,'MP92229','HHP','ACTIVE','2020-04-03 20:29:28','2020-04-03 20:29:28'),
	(286,'MPA38574','HHP','ACTIVE','2020-04-03 20:29:28','2020-04-03 20:29:28'),
	(287,'MPA38564','HHP','ACTIVE','2020-04-03 20:29:28','2020-04-03 20:29:28');

/*!40000 ALTER TABLE `devices` ENABLE KEYS */;
UNLOCK TABLES;


# Dump of table districts
# ------------------------------------------------------------

DROP TABLE IF EXISTS `districts`;

CREATE TABLE `districts` (
  `id` int(10) unsigned NOT NULL AUTO_INCREMENT,
  `name` varchar(255) COLLATE utf8_unicode_ci NOT NULL,
  `created_at` timestamp NULL DEFAULT NULL,
  `updated_at` timestamp NULL DEFAULT NULL,
  PRIMARY KEY (`id`)
) ENGINE=InnoDB DEFAULT CHARSET=utf8 COLLATE=utf8_unicode_ci;

LOCK TABLES `districts` WRITE;
/*!40000 ALTER TABLE `districts` DISABLE KEYS */;

INSERT INTO `districts` (`id`, `name`, `created_at`, `updated_at`)
VALUES
	(1,'GUA MUSANG','2020-04-03 20:29:18','2020-04-05 22:00:54'),
	(2,'JELI','2020-04-03 20:29:18','2020-04-05 22:01:54'),
	(3,'KBS','2020-04-03 20:29:18','2020-04-03 20:29:18'),
	(4,'KBT','2020-04-03 20:29:18','2020-04-03 20:29:18'),
	(5,'KBU','2020-04-03 20:29:18','2020-04-03 20:29:18'),
	(6,'MACHANG','2020-04-03 20:29:18','2020-04-03 20:29:18'),
	(7,'PASIR MAS','2020-04-03 20:29:18','2020-04-03 20:29:18'),
	(8,'PASIR PUTEH','2020-04-03 20:29:18','2020-04-03 20:29:18'),
	(9,'TANAH MERAH','2020-04-03 20:29:18','2020-04-03 20:29:18'),
	(10,'TUMPAT','2020-04-03 20:29:18','2020-04-03 20:29:18');

/*!40000 ALTER TABLE `districts` ENABLE KEYS */;
UNLOCK TABLES;


# Dump of table dummy
# ------------------------------------------------------------

DROP TABLE IF EXISTS `dummy`;

CREATE TABLE `dummy` (
  `col1` varchar(255) CHARACTER SET utf8 COLLATE utf8_unicode_ci DEFAULT NULL,
  `col2` varchar(255) CHARACTER SET utf8 COLLATE utf8_unicode_ci DEFAULT NULL,
  `col3` varchar(255) CHARACTER SET utf8 COLLATE utf8_unicode_ci DEFAULT NULL,
  `col4` varchar(255) CHARACTER SET utf8 COLLATE utf8_unicode_ci DEFAULT NULL,
  `col5` varchar(255) CHARACTER SET utf8 COLLATE utf8_unicode_ci DEFAULT NULL,
  `col6` varchar(255) CHARACTER SET utf8 COLLATE utf8_unicode_ci DEFAULT NULL,
  `col7` varchar(255) CHARACTER SET utf8 COLLATE utf8_unicode_ci DEFAULT NULL,
  `col8` varchar(255) CHARACTER SET utf8 COLLATE utf8_unicode_ci DEFAULT NULL,
  `col9` varchar(255) CHARACTER SET utf8 COLLATE utf8_unicode_ci DEFAULT NULL,
  `col10` varchar(255) CHARACTER SET utf8 COLLATE utf8_unicode_ci DEFAULT NULL,
  `col11` varchar(255) CHARACTER SET utf8 COLLATE utf8_unicode_ci DEFAULT NULL
) ENGINE=InnoDB DEFAULT CHARSET=utf8;

LOCK TABLES `dummy` WRITE;
/*!40000 ALTER TABLE `dummy` DISABLE KEYS */;

INSERT INTO `dummy` (`col1`, `col2`, `col3`, `col4`, `col5`, `col6`, `col7`, `col8`, `col9`, `col10`, `col11`)
VALUES
	('AKSB MACHANG','Mohd Haznam','M001','MHR','253201848IBCE8','MPA17122','MPA 17122',NULL,NULL,NULL,NULL),
	('AKSB MACHANG','Abdul Razak','M002','ARS','253201715IBCE8','MPA45857','MPA 45857',NULL,NULL,NULL,NULL),
	('AKSB MACHANG','Nassaruddin','M003','NSI','253201725IBCE8','MPA17105','MPA 17105',NULL,NULL,NULL,NULL),
	('AKSB MACHANG','Suhaidi','M004','ADI','253201857IBCE8','MPA17134','MPA 17134',NULL,NULL,NULL,NULL),
	('AKSB MACHANG','Shahbudin','M005','SCP','253201856IBCE8','MPA44415','MP 93892',NULL,NULL,NULL,NULL),
	('AKSB PASIR PUTEH','Mohd Nazrin bin Ramli','PP01','MNR','253B01955IACF8','MP 92253','MPA 17145',NULL,NULL,NULL,NULL),
	('AKSB PASIR PUTEH','Mohd Farizal','PP02','MFI','253B01967IACF8','MP 92268','MP 92268',NULL,NULL,NULL,NULL),
	('AKSB PASIR PUTEH','Rosli','PP03','RCY','253B01961IACF8','MPA 38565','MPA 38565',NULL,NULL,NULL,NULL),
	('AKSB PASIR PUTEH','Mohd Yasim','PP04','MYO','253B01951IACF8','MPA 44426','MPA 44426',NULL,NULL,NULL,NULL),
	('AKSB PASIR PUTEH','Mohd Faisal bin Ahmad','PP05','MFA','253B01966IACF8','MPA 17145','MP 92253',NULL,NULL,NULL,NULL),
	('AKSB KBS','Mohd Nasir bin Mohammad Yaacub','S01','NBM','251701354AACE6','MP79592','MPA 17029',NULL,NULL,NULL,NULL),
	('AKSB KBS','Ab. Halim bin Zakaria','S02','HBZ','251701335AACE6','MP 73555','MP 73555',NULL,NULL,NULL,NULL),
	('AKSB KBS','Azman bin Junoh','S03','ABJ','251701327AACE6','MPA37163','MPA37163',NULL,NULL,NULL,NULL),
	('AKSB KBS','Farizal','S04','FAR','253701874IBAA1','MPA37168','MPA37168',NULL,NULL,NULL,NULL),
	('AKSB KBS','Zamri Abdullah','S05','ZMR','251701359AACE6','MP 92237','MP 92237',NULL,NULL,NULL,NULL),
	('AKSB KBS','Burhanudin bin Che Soh','S06','BBC','251701367AACE6','MPA 51961','MPA 51961',NULL,NULL,NULL,NULL),
	('AKSB KBS','Mohd Syaiful Hizwan bin Mohd Zawai','S07','SHM','251701383AACE6','MPA 51957','MPA 51957',NULL,NULL,NULL,NULL),
	('AKSB KBT','Arsad Bin Hassan','KBT 1 ','ADH','251801427AACE6','MPA45896','MPA45896',NULL,NULL,NULL,NULL),
	('AKSB KBT','Ahmad Rashidi bin Mohd Soud','KBT 2','ARS','251801416AACE6','MPA45891','MPA45891',NULL,NULL,NULL,NULL),
	('AKSB KBT','Mohd Zaini bin Mohd din','KBT 3','MZD','251801415AACE6','MPA45892','MPA45892',NULL,NULL,NULL,NULL),
	('AKSB KBT','Samsuri bin Mohd Nor','KBT 4','SMN','251801411AACE6','MPA45869','MPA45869',NULL,NULL,NULL,NULL),
	('AKSB KBT','Normi bin Mohd Nor','KBT 5','NMN','251801438AACE6','MPA45889','MPA45889',NULL,NULL,NULL,NULL),
	('AKSB KBT','Nik Hisham','KBT 6','HIS','251701310AACE6','MPA44308','MPA44308',NULL,NULL,NULL,NULL),
	('AKSB KBT','Mohamad Bahrul Anuar b. Ismail','KBT 7','MBA','251801406AACE6','MPA45901','MPA45901',NULL,NULL,NULL,NULL),
	('AKSB KBT','Abdullah Bolkiah','KBT 8','ABA','251801412AACE6','MPA44429','MPA44429',NULL,NULL,NULL,NULL),
	('AKSB KBT','Sharrizal Sharberi','KBT 9','SHA','251801401AACE6','MPA45906','MPA45906',NULL,NULL,NULL,NULL),
	('AKSB KBT','Mohd Salleh','KBT 10','MSD','2532017571BCE8','MPA44275','MPA44275',NULL,NULL,NULL,NULL),
	('AKSB KBU','Mohd Fadhli','101','MFY','251701362AACE6','MP58501','MP 58501',NULL,NULL,NULL,NULL),
	('AKSB KBU','-','102','-','251701358AACE6','MP50895','',NULL,NULL,NULL,NULL),
	('AKSB KBU','Mohd Faizel','103','MFM','251701364AACE6','MP93879','MP 93879',NULL,NULL,NULL,NULL),
	('AKSB KBU','Hussin','104','HBM','251701352AACE6','MP58525','MP 58525',NULL,NULL,NULL,NULL),
	('AKSB KBU','Mohd Sabri','105','MSZ','251701371AACE6','MP78887','MP 78887',NULL,NULL,NULL,NULL),
	('AKSB KBU','Muhammad Fahmi','106','MFI','251701332AACE6','MP19963','MP 19963',NULL,NULL,NULL,NULL),
	('AKSB KBU','Ibrahim','107','IBJ','251701360AACE6','MP42654','MP 42654',NULL,NULL,NULL,NULL),
	('AKSB KBU','Hanif','108','WMH','253201751IBCE8','MPA38559','MPA 38559',NULL,NULL,NULL,NULL),
	('AKSB PASIR MAS','Ahmad Shauqi bin Shamsudin','PM01','KIE','251801649AACE6','MP79610','MP 72977',NULL,NULL,NULL,NULL),
	('AKSB PASIR MAS','Muhammad Muizzuddin bin Ab Aziz','PM03','MUZ','251801660AACE8','','MPA 38562',NULL,NULL,NULL,NULL),
	('AKSB PASIR MAS','Zaher bin Mat Zin','PM04','ZRM','251801501AACE6','MPA37174','MPA 37174',NULL,NULL,NULL,NULL),
	('AKSB PASIR MAS','Muhamad Norsahadam bin Ahmad Nordin','PM05','DAM','251801619AACE6','MPA44415','MPA 44415',NULL,NULL,NULL,NULL),
	('AKSB PASIR MAS','Mohd Zaid bin Ismail','PM06','MZI','251801537AACE6','MP79595','MPA 38574',NULL,NULL,NULL,NULL),
	('AKSB PASIR MAS','Muhammad Ezham bin Kadir','PM07','MER','251801652AACE6','MP79566','MP 92261',NULL,NULL,NULL,NULL),
	('AKSB PASIR MAS','Mohd Zahari bin Mohd Zain','PM08','ZHR','251801517AACE6','MP79569','MPA 51954',NULL,NULL,NULL,NULL),
	('AKSB PASIR MAS','Mohd Azmi','PM09','MAA','251801414AACE6','MP79583','MP 79583',NULL,NULL,NULL,NULL),
	('AKSB PASIR MAS','Yen','PM10','YEN','253201797IBCE8','MPA37165','MPA 37165',NULL,NULL,NULL,NULL),
	('AKSB TUMPAT','Zaki Azwa','TP01','NZA','253201699IBCE8','MP93886','MP 93886',NULL,NULL,NULL,NULL),
	('AKSB TUMPAT','Hakimi','TP02','','253201663IBCE8','MH16694','MP 73549',NULL,NULL,NULL,NULL),
	('AKSB TUMPAT','Zuhdi','TP03','ZCH','253201695IBCE8','MP93888','MP 73576',NULL,NULL,NULL,NULL),
	('AKSB TUMPAT','Jailani','TP04','JLH','253201700IBCE8','MP79580','MP 79580',NULL,NULL,NULL,NULL),
	('AKSB TUMPAT','Mat Zizi','TP05','MZH','253201674IBCE8','MPA17136','MPA 17136',NULL,NULL,NULL,NULL),
	('AKSB TUMPAT','Awang','TP06','ABW','253201855IBCE8','MP93881','MP 93881',NULL,NULL,NULL,NULL),
	('AKSB TUMPAT','Khairul Arifi','TP07','MKA','253201707IBCE8','MPA38569','MPA 38569',NULL,NULL,NULL,NULL),
	('AKSB TANAH MERAH','Wan Sayuti Wan Zain [Tukar Meter - Kosong]','TM01','WSZ','253201708IBCE8','MPA51982','MP 73548',NULL,NULL,NULL,NULL),
	('AKSB TANAH MERAH','Muhammad Hairul Azmi','TM02','MHA','253201681IBCE8','MP92462','MPA 45859',NULL,NULL,NULL,NULL),
	('AKSB TANAH MERAH','Mohd NorHarif','TM03','RIF','253201679IBCE8','MPA44409','MPA44409',NULL,NULL,NULL,NULL),
	('AKSB TANAH MERAH','Che Samsul Niza','TM04','CSN','253201678IBCE8','MPA45894','MPA45894',NULL,NULL,NULL,NULL),
	('AKSB TANAH MERAH','Wan Mohammad Riduan','TM05','WMR','251801457AACE8','MPA51985','MPA51985',NULL,NULL,NULL,NULL),
	('AKSB TANAH MERAH','Tisla Nazri','TM06','TNH','253201692IBCE8','MPA45894','MPA45894',NULL,NULL,NULL,NULL),
	('AKSB TANAH MERAH','Ahmad Akram bin Azman','TM07','AAA','253201858IBCE8','MPA37176','MPA37176',NULL,NULL,NULL,NULL),
	('AKSB GUA MUSANG','Faizal','GM01','FAZ','25450205DKACF8','MPA51947','MPA51947',NULL,NULL,NULL,NULL),
	('AKSB GUA MUSANG','Hamdan','GM02','HAM','254502048KACF8','MPA51992','MPA51992',NULL,NULL,NULL,NULL),
	('AKSB GUA MUSANG','Ridzuan','GM03','RID','254302028KACF8','MPA 51978 ','MPA 51978 ',NULL,NULL,NULL,NULL),
	('AKSB GUA MUSANG','Hazami','GM04','HAZ','254502041KACF8','MPA 51964 ','MPA 51964 ',NULL,NULL,NULL,NULL),
	('AKSB GUA MUSANG','Mahadi','GM05','ADI','253201750IBCE8','MPA 51976','MPA 51976',NULL,NULL,NULL,NULL),
	('AKSB JELI','Asri','JL01','AAH','253C01985IACF8','MP92229','MPA51994',NULL,NULL,NULL,NULL),
	('AKSB JELI','En. Zamani','JL02','CZC','253C01975IACF8','MPA38574','MPA51989',NULL,NULL,NULL,NULL),
	('AKSB JELI','Mohd Ashraf','JL03','ASH','255402170IACO8','MPA38564','MPA51965',NULL,NULL,NULL,NULL);

/*!40000 ALTER TABLE `dummy` ENABLE KEYS */;
UNLOCK TABLES;


# Dump of table dummy_repairs
# ------------------------------------------------------------

DROP TABLE IF EXISTS `dummy_repairs`;

CREATE TABLE `dummy_repairs` (
  `col1` varchar(255) CHARACTER SET utf8 COLLATE utf8_unicode_ci DEFAULT NULL,
  `col2` varchar(255) CHARACTER SET utf8 COLLATE utf8_unicode_ci DEFAULT NULL,
  `col3` varchar(255) CHARACTER SET utf8 COLLATE utf8_unicode_ci DEFAULT NULL,
  `col4` varchar(255) CHARACTER SET utf8 COLLATE utf8_unicode_ci DEFAULT NULL,
  `col5` varchar(255) CHARACTER SET utf8 COLLATE utf8_unicode_ci DEFAULT NULL,
  `col6` varchar(255) CHARACTER SET utf8 COLLATE utf8_unicode_ci DEFAULT NULL,
  `col7` varchar(255) CHARACTER SET utf8 COLLATE utf8_unicode_ci DEFAULT NULL,
  `col8` varchar(255) CHARACTER SET utf8 COLLATE utf8_unicode_ci DEFAULT NULL,
  `col9` varchar(255) CHARACTER SET utf8 COLLATE utf8_unicode_ci DEFAULT NULL,
  `col10` varchar(255) CHARACTER SET utf8 COLLATE utf8_unicode_ci DEFAULT NULL,
  `col11` varchar(255) CHARACTER SET utf8 COLLATE utf8_unicode_ci DEFAULT NULL
) ENGINE=InnoDB DEFAULT CHARSET=utf8;

LOCK TABLES `dummy_repairs` WRITE;
/*!40000 ALTER TABLE `dummy_repairs` DISABLE KEYS */;

INSERT INTO `dummy_repairs` (`col1`, `col2`, `col3`, `col4`, `col5`, `col6`, `col7`, `col8`, `col9`, `col10`, `col11`)
VALUES
	('251801501AACE6','Zaher bin Mat Zin','2018-09-19','SKRIN HHT PECAH/TERJATUH','DALAM PROSES (POWERCOMP)','','',NULL,NULL,NULL,NULL),
	('253201699IBCE8 ','Zaki Azwa','2019-01-07','BATERRY WEAK','SIAP','','2019-01-07',NULL,NULL,NULL,NULL);

/*!40000 ALTER TABLE `dummy_repairs` ENABLE KEYS */;
UNLOCK TABLES;


# Dump of table hhp
# ------------------------------------------------------------

DROP TABLE IF EXISTS `hhp`;

CREATE TABLE `hhp` (
  `id` int(10) unsigned NOT NULL DEFAULT '0',
  `serial_no` varchar(255) CHARACTER SET utf8 COLLATE utf8_unicode_ci NOT NULL,
  `type` enum('HHT','HHP') CHARACTER SET utf8 COLLATE utf8_unicode_ci NOT NULL,
  `status` enum('ACTIVE','LUPUS') CHARACTER SET utf8 COLLATE utf8_unicode_ci NOT NULL,
  `pma_id` int(10) unsigned DEFAULT '0',
  `created_at` timestamp NULL DEFAULT NULL,
  `updated_at` timestamp NULL DEFAULT NULL
) ENGINE=InnoDB DEFAULT CHARSET=utf8;

LOCK TABLES `hhp` WRITE;
/*!40000 ALTER TABLE `hhp` DISABLE KEYS */;

INSERT INTO `hhp` (`id`, `serial_no`, `type`, `status`, `pma_id`, `created_at`, `updated_at`)
VALUES
	(128,'','HHP','ACTIVE',27,'2020-04-03 20:29:25','2020-04-03 20:29:25'),
	(129,'MP 19963','HHP','ACTIVE',31,'2020-04-03 20:29:25','2020-04-03 20:29:25'),
	(130,'MP 42654','HHP','ACTIVE',32,'2020-04-03 20:29:25','2020-04-03 20:29:25'),
	(131,'MP 58501','HHP','ACTIVE',26,'2020-04-03 20:29:25','2020-04-03 20:29:25'),
	(132,'MP 58525','HHP','ACTIVE',29,'2020-04-03 20:29:25','2020-04-03 20:29:25'),
	(133,'MP 72977','HHP','ACTIVE',39,'2020-04-03 20:29:25','2020-04-03 20:29:25'),
	(134,'MP 73548','HHP','ACTIVE',53,'2020-04-03 20:29:25','2020-04-03 20:29:25'),
	(135,'MP 73549','HHP','ACTIVE',61,'2020-04-03 20:29:25','2020-04-03 20:29:25'),
	(136,'MP 73555','HHP','ACTIVE',10,'2020-04-03 20:29:25','2020-04-03 20:29:25'),
	(137,'MP 73576','HHP','ACTIVE',62,'2020-04-03 20:29:25','2020-04-03 20:29:25'),
	(138,'MP 78887','HHP','ACTIVE',30,'2020-04-03 20:29:25','2020-04-03 20:29:25'),
	(139,'MP 79580','HHP','ACTIVE',63,'2020-04-03 20:29:25','2020-04-03 20:29:25'),
	(140,'MP 79583','HHP','ACTIVE',46,'2020-04-03 20:29:25','2020-04-03 20:29:25'),
	(141,'MP 92237','HHP','ACTIVE',13,'2020-04-03 20:29:25','2020-04-03 20:29:25'),
	(142,'MP 92253','HHP','ACTIVE',52,'2020-04-03 20:29:25','2020-04-03 20:29:25'),
	(143,'MP 92261','HHP','ACTIVE',44,'2020-04-03 20:29:25','2020-04-03 20:29:25'),
	(144,'MP 92268','HHP','ACTIVE',49,'2020-04-03 20:29:25','2020-04-03 20:29:25'),
	(145,'MP 93879','HHP','ACTIVE',28,'2020-04-03 20:29:25','2020-04-03 20:29:25'),
	(146,'MP 93881','HHP','ACTIVE',65,'2020-04-03 20:29:25','2020-04-03 20:29:25'),
	(147,'MP 93886','HHP','ACTIVE',60,'2020-04-03 20:29:25','2020-04-03 20:29:25'),
	(148,'MP 93892','HHP','ACTIVE',38,'2020-04-03 20:29:25','2020-04-03 20:29:25'),
	(149,'MPA 17029','HHP','ACTIVE',9,'2020-04-03 20:29:25','2020-04-03 20:29:25'),
	(150,'MPA 17105','HHP','ACTIVE',36,'2020-04-03 20:29:25','2020-04-03 20:29:25'),
	(151,'MPA 17122','HHP','ACTIVE',34,'2020-04-03 20:29:25','2020-04-03 20:29:25'),
	(152,'MPA 17134','HHP','ACTIVE',37,'2020-04-03 20:29:25','2020-04-03 20:29:25'),
	(153,'MPA 17136','HHP','ACTIVE',64,'2020-04-03 20:29:25','2020-04-03 20:29:25'),
	(154,'MPA 17145','HHP','ACTIVE',48,'2020-04-03 20:29:25','2020-04-03 20:29:25'),
	(155,'MPA 37165','HHP','ACTIVE',47,'2020-04-03 20:29:25','2020-04-03 20:29:25'),
	(156,'MPA 37174','HHP','ACTIVE',41,'2020-04-03 20:29:25','2020-04-03 20:29:25'),
	(157,'MPA 38559','HHP','ACTIVE',33,'2020-04-03 20:29:25','2020-04-03 20:29:25'),
	(158,'MPA 38562','HHP','ACTIVE',40,'2020-04-03 20:29:25','2020-04-03 20:29:25'),
	(159,'MPA 38565','HHP','ACTIVE',50,'2020-04-03 20:29:25','2020-04-03 20:29:25'),
	(160,'MPA 38569','HHP','ACTIVE',66,'2020-04-03 20:29:25','2020-04-03 20:29:25'),
	(161,'MPA 38574','HHP','ACTIVE',43,'2020-04-03 20:29:25','2020-04-03 20:29:25'),
	(162,'MPA 44415','HHP','ACTIVE',42,'2020-04-03 20:29:25','2020-04-03 20:29:25'),
	(163,'MPA 44426','HHP','ACTIVE',51,'2020-04-03 20:29:25','2020-04-03 20:29:25'),
	(164,'MPA 45857','HHP','ACTIVE',35,'2020-04-03 20:29:25','2020-04-03 20:29:25'),
	(165,'MPA 45859','HHP','ACTIVE',54,'2020-04-03 20:29:25','2020-04-03 20:29:25'),
	(166,'MPA 51954','HHP','ACTIVE',45,'2020-04-03 20:29:25','2020-04-03 20:29:25'),
	(167,'MPA 51957','HHP','ACTIVE',15,'2020-04-03 20:29:25','2020-04-03 20:29:25'),
	(168,'MPA 51961','HHP','ACTIVE',14,'2020-04-03 20:29:25','2020-04-03 20:29:25'),
	(169,'MPA 51964 ','HHP','ACTIVE',4,'2020-04-03 20:29:25','2020-04-03 20:29:25'),
	(170,'MPA 51976','HHP','ACTIVE',5,'2020-04-03 20:29:25','2020-04-03 20:29:25'),
	(171,'MPA 51978 ','HHP','ACTIVE',3,'2020-04-03 20:29:25','2020-04-03 20:29:25'),
	(172,'MPA37163','HHP','ACTIVE',11,'2020-04-03 20:29:25','2020-04-03 20:29:25'),
	(173,'MPA37168','HHP','ACTIVE',12,'2020-04-03 20:29:25','2020-04-03 20:29:25'),
	(174,'MPA37176','HHP','ACTIVE',59,'2020-04-03 20:29:25','2020-04-03 20:29:25'),
	(175,'MPA44275','HHP','ACTIVE',25,'2020-04-03 20:29:25','2020-04-03 20:29:25'),
	(176,'MPA44308','HHP','ACTIVE',21,'2020-04-03 20:29:25','2020-04-03 20:29:25'),
	(177,'MPA44409','HHP','ACTIVE',55,'2020-04-03 20:29:25','2020-04-03 20:29:25'),
	(178,'MPA44429','HHP','ACTIVE',23,'2020-04-03 20:29:25','2020-04-03 20:29:25'),
	(179,'MPA45869','HHP','ACTIVE',19,'2020-04-03 20:29:25','2020-04-03 20:29:25'),
	(180,'MPA45889','HHP','ACTIVE',20,'2020-04-03 20:29:25','2020-04-03 20:29:25'),
	(181,'MPA45891','HHP','ACTIVE',17,'2020-04-03 20:29:25','2020-04-03 20:29:25'),
	(182,'MPA45892','HHP','ACTIVE',18,'2020-04-03 20:29:25','2020-04-03 20:29:25'),
	(183,'MPA45894','HHP','ACTIVE',56,'2020-04-03 20:29:25','2020-04-03 20:29:25'),
	(184,'MPA45896','HHP','ACTIVE',16,'2020-04-03 20:29:25','2020-04-03 20:29:25'),
	(185,'MPA45901','HHP','ACTIVE',22,'2020-04-03 20:29:25','2020-04-03 20:29:25'),
	(186,'MPA45906','HHP','ACTIVE',24,'2020-04-03 20:29:25','2020-04-03 20:29:25'),
	(187,'MPA51947','HHP','ACTIVE',1,'2020-04-03 20:29:25','2020-04-03 20:29:25'),
	(188,'MPA51965','HHP','ACTIVE',8,'2020-04-03 20:29:25','2020-04-03 20:29:25'),
	(189,'MPA51985','HHP','ACTIVE',57,'2020-04-03 20:29:25','2020-04-03 20:29:25'),
	(190,'MPA51989','HHP','ACTIVE',7,'2020-04-03 20:29:25','2020-04-03 20:29:25'),
	(191,'MPA51992','HHP','ACTIVE',2,'2020-04-03 20:29:25','2020-04-03 20:29:25'),
	(192,'MPA51994','HHP','ACTIVE',6,'2020-04-03 20:29:25','2020-04-03 20:29:25'),
	(255,'MPA17122','HHP','ACTIVE',NULL,'2020-04-03 20:29:28','2020-04-03 20:29:28'),
	(256,'MPA45857','HHP','ACTIVE',NULL,'2020-04-03 20:29:28','2020-04-03 20:29:28'),
	(257,'MPA17105','HHP','ACTIVE',NULL,'2020-04-03 20:29:28','2020-04-03 20:29:28'),
	(258,'MPA17134','HHP','ACTIVE',NULL,'2020-04-03 20:29:28','2020-04-03 20:29:28'),
	(259,'MPA44415','HHP','ACTIVE',NULL,'2020-04-03 20:29:28','2020-04-03 20:29:28'),
	(260,'MP79592','HHP','ACTIVE',NULL,'2020-04-03 20:29:28','2020-04-03 20:29:28'),
	(261,'MP58501','HHP','ACTIVE',NULL,'2020-04-03 20:29:28','2020-04-03 20:29:28'),
	(262,'MP50895','HHP','ACTIVE',NULL,'2020-04-03 20:29:28','2020-04-03 20:29:28'),
	(263,'MP93879','HHP','ACTIVE',NULL,'2020-04-03 20:29:28','2020-04-03 20:29:28'),
	(264,'MP58525','HHP','ACTIVE',NULL,'2020-04-03 20:29:28','2020-04-03 20:29:28'),
	(265,'MP78887','HHP','ACTIVE',NULL,'2020-04-03 20:29:28','2020-04-03 20:29:28'),
	(266,'MP19963','HHP','ACTIVE',NULL,'2020-04-03 20:29:28','2020-04-03 20:29:28'),
	(267,'MP42654','HHP','ACTIVE',NULL,'2020-04-03 20:29:28','2020-04-03 20:29:28'),
	(268,'MPA38559','HHP','ACTIVE',NULL,'2020-04-03 20:29:28','2020-04-03 20:29:28'),
	(269,'MP79610','HHP','ACTIVE',NULL,'2020-04-03 20:29:28','2020-04-03 20:29:28'),
	(270,'MPA37174','HHP','ACTIVE',NULL,'2020-04-03 20:29:28','2020-04-03 20:29:28'),
	(271,'MP79595','HHP','ACTIVE',NULL,'2020-04-03 20:29:28','2020-04-03 20:29:28'),
	(272,'MP79566','HHP','ACTIVE',NULL,'2020-04-03 20:29:28','2020-04-03 20:29:28'),
	(273,'MP79569','HHP','ACTIVE',NULL,'2020-04-03 20:29:28','2020-04-03 20:29:28'),
	(274,'MP79583','HHP','ACTIVE',NULL,'2020-04-03 20:29:28','2020-04-03 20:29:28'),
	(275,'MPA37165','HHP','ACTIVE',NULL,'2020-04-03 20:29:28','2020-04-03 20:29:28'),
	(276,'MP93886','HHP','ACTIVE',NULL,'2020-04-03 20:29:28','2020-04-03 20:29:28'),
	(277,'MH16694','HHP','ACTIVE',NULL,'2020-04-03 20:29:28','2020-04-03 20:29:28'),
	(278,'MP93888','HHP','ACTIVE',NULL,'2020-04-03 20:29:28','2020-04-03 20:29:28'),
	(279,'MP79580','HHP','ACTIVE',NULL,'2020-04-03 20:29:28','2020-04-03 20:29:28'),
	(280,'MPA17136','HHP','ACTIVE',NULL,'2020-04-03 20:29:28','2020-04-03 20:29:28'),
	(281,'MP93881','HHP','ACTIVE',NULL,'2020-04-03 20:29:28','2020-04-03 20:29:28'),
	(282,'MPA38569','HHP','ACTIVE',NULL,'2020-04-03 20:29:28','2020-04-03 20:29:28'),
	(283,'MPA51982','HHP','ACTIVE',NULL,'2020-04-03 20:29:28','2020-04-03 20:29:28'),
	(284,'MP92462','HHP','ACTIVE',NULL,'2020-04-03 20:29:28','2020-04-03 20:29:28'),
	(285,'MP92229','HHP','ACTIVE',NULL,'2020-04-03 20:29:28','2020-04-03 20:29:28'),
	(286,'MPA38574','HHP','ACTIVE',NULL,'2020-04-03 20:29:28','2020-04-03 20:29:28'),
	(287,'MPA38564','HHP','ACTIVE',NULL,'2020-04-03 20:29:28','2020-04-03 20:29:28');

/*!40000 ALTER TABLE `hhp` ENABLE KEYS */;
UNLOCK TABLES;


# Dump of table hht
# ------------------------------------------------------------

DROP TABLE IF EXISTS `hht`;

CREATE TABLE `hht` (
  `id` int(10) unsigned NOT NULL DEFAULT '0',
  `serial_no` varchar(255) CHARACTER SET utf8 COLLATE utf8_unicode_ci NOT NULL,
  `type` enum('HHT','HHP') CHARACTER SET utf8 COLLATE utf8_unicode_ci NOT NULL,
  `status` enum('ACTIVE','LUPUS') CHARACTER SET utf8 COLLATE utf8_unicode_ci NOT NULL,
  `pma_id` int(10) unsigned NOT NULL DEFAULT '0',
  `created_at` timestamp NULL DEFAULT NULL,
  `updated_at` timestamp NULL DEFAULT NULL
) ENGINE=InnoDB DEFAULT CHARSET=utf8;

LOCK TABLES `hht` WRITE;
/*!40000 ALTER TABLE `hht` DISABLE KEYS */;

INSERT INTO `hht` (`id`, `serial_no`, `type`, `status`, `pma_id`, `created_at`, `updated_at`)
VALUES
	(1,'251701310AACE6','HHT','ACTIVE',21,'2020-04-03 20:29:22','2020-04-09 22:26:52'),
	(2,'251701327AACE6','HHT','ACTIVE',11,'2020-04-03 20:29:22','2020-04-03 20:29:22'),
	(3,'251701332AACE6','HHT','ACTIVE',31,'2020-04-03 20:29:22','2020-04-03 20:29:22'),
	(4,'251701335AACE6','HHT','ACTIVE',10,'2020-04-03 20:29:22','2020-04-03 20:29:22'),
	(5,'251701352AACE6','HHT','ACTIVE',29,'2020-04-03 20:29:22','2020-04-03 20:29:22'),
	(6,'251701354AACE6','HHT','ACTIVE',9,'2020-04-03 20:29:22','2020-04-03 20:29:22'),
	(7,'251701358AACE6','HHT','ACTIVE',27,'2020-04-03 20:29:22','2020-04-03 20:29:22'),
	(8,'251701359AACE6','HHT','ACTIVE',13,'2020-04-03 20:29:22','2020-04-03 20:29:22'),
	(9,'251701360AACE6','HHT','ACTIVE',32,'2020-04-03 20:29:22','2020-04-03 20:29:22'),
	(10,'251701362AACE6','HHT','ACTIVE',26,'2020-04-03 20:29:22','2020-04-03 20:29:22'),
	(11,'251701364AACE6','HHT','ACTIVE',28,'2020-04-03 20:29:22','2020-04-03 20:29:22'),
	(12,'251701367AACE6','HHT','ACTIVE',14,'2020-04-03 20:29:22','2020-04-03 20:29:22'),
	(13,'251701371AACE6','HHT','ACTIVE',30,'2020-04-03 20:29:22','2020-04-03 20:29:22'),
	(14,'251701383AACE6','HHT','ACTIVE',15,'2020-04-03 20:29:22','2020-04-03 20:29:22'),
	(15,'251801401AACE6','HHT','ACTIVE',24,'2020-04-03 20:29:22','2020-04-03 20:29:22'),
	(16,'251801406AACE6','HHT','ACTIVE',22,'2020-04-03 20:29:22','2020-04-03 20:29:22'),
	(17,'251801411AACE6','HHT','ACTIVE',19,'2020-04-03 20:29:22','2020-04-03 20:29:22'),
	(18,'251801412AACE6','HHT','ACTIVE',23,'2020-04-03 20:29:22','2020-04-03 20:29:22'),
	(19,'251801414AACE6','HHT','ACTIVE',46,'2020-04-03 20:29:22','2020-04-03 20:29:22'),
	(20,'251801415AACE6','HHT','ACTIVE',18,'2020-04-03 20:29:22','2020-04-03 20:29:22'),
	(21,'251801416AACE6','HHT','ACTIVE',17,'2020-04-03 20:29:22','2020-04-03 20:29:22'),
	(22,'251801427AACE6','HHT','ACTIVE',16,'2020-04-03 20:29:22','2020-04-03 20:29:22'),
	(23,'251801438AACE6','HHT','ACTIVE',20,'2020-04-03 20:29:22','2020-04-03 20:29:22'),
	(24,'251801457AACE8','HHT','ACTIVE',57,'2020-04-03 20:29:22','2020-04-03 20:29:22'),
	(25,'251801501AACE6','HHT','ACTIVE',41,'2020-04-03 20:29:22','2020-04-03 20:29:22'),
	(26,'251801517AACE6','HHT','ACTIVE',45,'2020-04-03 20:29:22','2020-04-03 20:29:22'),
	(27,'251801537AACE6','HHT','ACTIVE',43,'2020-04-03 20:29:22','2020-04-03 20:29:22'),
	(28,'251801619AACE6','HHT','ACTIVE',42,'2020-04-03 20:29:22','2020-04-03 20:29:22'),
	(29,'251801649AACE6','HHT','ACTIVE',39,'2020-04-03 20:29:22','2020-04-03 20:29:22'),
	(30,'251801652AACE6','HHT','ACTIVE',44,'2020-04-03 20:29:22','2020-04-03 20:29:22'),
	(31,'251801660AACE8','HHT','ACTIVE',40,'2020-04-03 20:29:22','2020-04-03 20:29:22'),
	(32,'253201663IBCE8','HHT','ACTIVE',61,'2020-04-03 20:29:22','2020-04-03 20:29:22'),
	(33,'253201674IBCE8','HHT','ACTIVE',64,'2020-04-03 20:29:22','2020-04-03 20:29:22'),
	(34,'253201678IBCE8','HHT','ACTIVE',56,'2020-04-03 20:29:22','2020-04-03 20:29:22'),
	(35,'253201679IBCE8','HHT','ACTIVE',55,'2020-04-03 20:29:22','2020-04-03 20:29:22'),
	(36,'253201681IBCE8','HHT','ACTIVE',54,'2020-04-03 20:29:22','2020-04-03 20:29:22'),
	(37,'253201692IBCE8','HHT','ACTIVE',58,'2020-04-03 20:29:22','2020-04-03 20:29:22'),
	(38,'253201695IBCE8','HHT','ACTIVE',62,'2020-04-03 20:29:22','2020-04-03 20:29:22'),
	(39,'253201699IBCE8','HHT','ACTIVE',60,'2020-04-03 20:29:22','2020-04-03 20:29:22'),
	(40,'253201700IBCE8','HHT','ACTIVE',63,'2020-04-03 20:29:22','2020-04-03 20:29:22'),
	(41,'253201707IBCE8','HHT','ACTIVE',66,'2020-04-03 20:29:22','2020-04-03 20:29:22'),
	(42,'253201708IBCE8','HHT','ACTIVE',53,'2020-04-03 20:29:22','2020-04-03 20:29:22'),
	(43,'253201715IBCE8','HHT','ACTIVE',35,'2020-04-03 20:29:22','2020-04-03 20:29:22'),
	(44,'253201725IBCE8','HHT','ACTIVE',36,'2020-04-03 20:29:22','2020-04-03 20:29:22'),
	(45,'253201750IBCE8','HHT','ACTIVE',5,'2020-04-03 20:29:22','2020-04-03 20:29:22'),
	(46,'253201751IBCE8','HHT','ACTIVE',33,'2020-04-03 20:29:22','2020-04-03 20:29:22'),
	(47,'2532017571BCE8','HHT','ACTIVE',25,'2020-04-03 20:29:22','2020-04-03 20:29:22'),
	(48,'253201797IBCE8','HHT','ACTIVE',47,'2020-04-03 20:29:22','2020-04-03 20:29:22'),
	(49,'253201848IBCE8','HHT','ACTIVE',34,'2020-04-03 20:29:22','2020-04-03 20:29:22'),
	(50,'253201855IBCE8','HHT','ACTIVE',65,'2020-04-03 20:29:22','2020-04-03 20:29:22'),
	(51,'253201856IBCE8','HHT','ACTIVE',38,'2020-04-03 20:29:22','2020-04-03 20:29:22'),
	(52,'253201857IBCE8','HHT','ACTIVE',37,'2020-04-03 20:29:22','2020-04-03 20:29:22'),
	(53,'253201858IBCE8','HHT','ACTIVE',59,'2020-04-03 20:29:22','2020-04-03 20:29:22'),
	(54,'253701874IBAA1','HHT','ACTIVE',12,'2020-04-03 20:29:22','2020-04-03 20:29:22'),
	(55,'253B01951IACF8','HHT','ACTIVE',51,'2020-04-03 20:29:22','2020-04-03 20:29:22'),
	(56,'253B01955IACF8','HHT','ACTIVE',48,'2020-04-03 20:29:22','2020-04-03 20:29:22'),
	(57,'253B01961IACF8','HHT','ACTIVE',50,'2020-04-03 20:29:22','2020-04-03 20:29:22'),
	(58,'253B01966IACF8','HHT','ACTIVE',52,'2020-04-03 20:29:22','2020-04-03 20:29:22'),
	(59,'253B01967IACF8','HHT','ACTIVE',49,'2020-04-03 20:29:22','2020-04-03 20:29:22'),
	(60,'253C01975IACF8','HHT','ACTIVE',7,'2020-04-03 20:29:22','2020-04-03 20:29:22'),
	(61,'253C01985IACF8','HHT','ACTIVE',6,'2020-04-03 20:29:22','2020-04-03 20:29:22'),
	(62,'254302028KACF8','HHT','ACTIVE',3,'2020-04-03 20:29:22','2020-04-03 20:29:22'),
	(63,'254502041KACF8','HHT','ACTIVE',4,'2020-04-03 20:29:22','2020-04-03 20:29:22'),
	(64,'254502048KACF8','HHT','ACTIVE',2,'2020-04-03 20:29:22','2020-04-03 20:29:22'),
	(65,'25450205DKACF8','HHT','ACTIVE',1,'2020-04-03 20:29:22','2020-04-03 20:29:22'),
	(66,'255402170IACO8','HHT','ACTIVE',8,'2020-04-03 20:29:22','2020-04-03 20:29:22');

/*!40000 ALTER TABLE `hht` ENABLE KEYS */;
UNLOCK TABLES;


# Dump of table histories
# ------------------------------------------------------------

DROP TABLE IF EXISTS `histories`;

CREATE TABLE `histories` (
  `device_id` int(10) unsigned NOT NULL,
  `pma_id` int(10) unsigned NOT NULL,
  `created_at` timestamp NULL DEFAULT NULL,
  `updated_at` timestamp NULL DEFAULT NULL,
  PRIMARY KEY (`device_id`,`pma_id`),
  KEY `histories_pma_id_foreign` (`pma_id`),
  CONSTRAINT `histories_device_id_foreign` FOREIGN KEY (`device_id`) REFERENCES `devices` (`id`),
  CONSTRAINT `histories_pma_id_foreign` FOREIGN KEY (`pma_id`) REFERENCES `pma` (`id`)
) ENGINE=InnoDB DEFAULT CHARSET=utf8 COLLATE=utf8_unicode_ci;

LOCK TABLES `histories` WRITE;
/*!40000 ALTER TABLE `histories` DISABLE KEYS */;

INSERT INTO `histories` (`device_id`, `pma_id`, `created_at`, `updated_at`)
VALUES
	(1,2,NULL,NULL),
	(1,4,NULL,NULL),
	(1,15,NULL,NULL),
	(129,13,NULL,NULL),
	(129,45,NULL,NULL);

/*!40000 ALTER TABLE `histories` ENABLE KEYS */;
UNLOCK TABLES;


# Dump of table migrations
# ------------------------------------------------------------

DROP TABLE IF EXISTS `migrations`;

CREATE TABLE `migrations` (
  `id` int(10) unsigned NOT NULL AUTO_INCREMENT,
  `migration` varchar(255) COLLATE utf8_unicode_ci NOT NULL,
  `batch` int(11) NOT NULL,
  PRIMARY KEY (`id`)
) ENGINE=InnoDB DEFAULT CHARSET=utf8 COLLATE=utf8_unicode_ci;

LOCK TABLES `migrations` WRITE;
/*!40000 ALTER TABLE `migrations` DISABLE KEYS */;

INSERT INTO `migrations` (`id`, `migration`, `batch`)
VALUES
	(8,'2020_04_03_095203_create_table_districts',1),
	(9,'2020_04_03_095244_create_table_pma',1),
	(10,'2020_04_03_100417_create_table_devices',1),
	(11,'2020_04_03_100427_create_table_histories',1),
	(12,'2020_04_03_100439_create_table_repairs',1),
	(13,'2020_04_03_121043_create_table_relationships',1);

/*!40000 ALTER TABLE `migrations` ENABLE KEYS */;
UNLOCK TABLES;


# Dump of table pma
# ------------------------------------------------------------

DROP TABLE IF EXISTS `pma`;

CREATE TABLE `pma` (
  `id` int(10) unsigned NOT NULL AUTO_INCREMENT,
  `name` varchar(255) COLLATE utf8_unicode_ci NOT NULL,
  `pma_id` varchar(255) COLLATE utf8_unicode_ci NOT NULL,
  `pma_code` varchar(255) COLLATE utf8_unicode_ci NOT NULL,
  `district_id` int(10) unsigned NOT NULL,
  `hht_id` int(10) unsigned DEFAULT NULL,
  `hhp_id` int(10) unsigned DEFAULT NULL,
  `remarks` text COLLATE utf8_unicode_ci,
  `created_at` timestamp NULL DEFAULT NULL,
  `updated_at` timestamp NULL DEFAULT NULL,
  PRIMARY KEY (`id`),
  KEY `pma_district_id_foreign` (`district_id`),
  KEY `pma_hht_id_foreign` (`hht_id`),
  KEY `pma_hhp_id_foreign` (`hhp_id`),
  CONSTRAINT `pma_district_id_foreign` FOREIGN KEY (`district_id`) REFERENCES `districts` (`id`),
  CONSTRAINT `pma_hhp_id_foreign` FOREIGN KEY (`hhp_id`) REFERENCES `devices` (`id`),
  CONSTRAINT `pma_hht_id_foreign` FOREIGN KEY (`hht_id`) REFERENCES `devices` (`id`)
) ENGINE=InnoDB DEFAULT CHARSET=utf8 COLLATE=utf8_unicode_ci;

LOCK TABLES `pma` WRITE;
/*!40000 ALTER TABLE `pma` DISABLE KEYS */;

INSERT INTO `pma` (`id`, `name`, `pma_id`, `pma_code`, `district_id`, `hht_id`, `hhp_id`, `remarks`, `created_at`, `updated_at`)
VALUES
	(1,'Faizal','GM01','FAZ',1,65,187,NULL,'2020-04-03 20:29:33','2020-04-03 20:29:33'),
	(2,'Hamdan','GM02','HAM',1,64,191,NULL,'2020-04-03 20:29:33','2020-04-03 20:29:33'),
	(3,'Ridzuan','GM03','RID',1,62,171,NULL,'2020-04-03 20:29:33','2020-04-03 20:29:33'),
	(4,'Hazami','GM04','HAZ',1,63,169,NULL,'2020-04-03 20:29:33','2020-04-03 20:29:33'),
	(5,'Mahadi','GM05','ADI',1,45,170,NULL,'2020-04-03 20:29:33','2020-04-03 20:29:33'),
	(6,'Asri','JL01','AAH',2,61,192,NULL,'2020-04-03 20:29:33','2020-04-03 20:29:33'),
	(7,'En. Zamani','JL02','CZC',2,60,190,NULL,'2020-04-03 20:29:33','2020-04-03 20:29:33'),
	(8,'Mohd Ashraf','JL03','ASH',2,66,188,NULL,'2020-04-03 20:29:33','2020-04-03 20:29:33'),
	(9,'Mohd Nasir bin Mohammad Yaacub','S01','NBM',3,6,149,NULL,'2020-04-03 20:29:33','2020-04-03 20:29:33'),
	(10,'Ab. Halim bin Zakaria','S02','HBZ',3,4,136,NULL,'2020-04-03 20:29:33','2020-04-03 20:29:33'),
	(11,'Azman bin Junoh','S03','ABJ',3,2,172,NULL,'2020-04-03 20:29:33','2020-04-03 20:29:33'),
	(12,'Farizal','S04','FAR',3,54,173,NULL,'2020-04-03 20:29:33','2020-04-03 20:29:33'),
	(13,'Zamri Abdullah','S05','ZMR',3,8,141,NULL,'2020-04-03 20:29:33','2020-04-03 20:29:33'),
	(14,'Burhanudin bin Che Soh','S06','BBC',3,12,168,NULL,'2020-04-03 20:29:33','2020-04-03 20:29:33'),
	(15,'Mohd Syaiful Hizwan bin Mohd Zawai','S07','SHM',3,14,167,NULL,'2020-04-03 20:29:33','2020-04-03 20:29:33'),
	(16,'Arsad Bin Hassan','KBT 1 ','ADH',4,22,184,NULL,'2020-04-03 20:29:33','2020-04-03 20:29:33'),
	(17,'Ahmad Rashidi bin Mohd Soud','KBT 2','ARS',4,21,181,NULL,'2020-04-03 20:29:33','2020-04-03 20:29:33'),
	(18,'Mohd Zaini bin Mohd din','KBT 3','MZD',4,20,182,NULL,'2020-04-03 20:29:33','2020-04-03 20:29:33'),
	(19,'Samsuri bin Mohd Nor','KBT 4','SMN',4,17,179,NULL,'2020-04-03 20:29:33','2020-04-03 20:29:33'),
	(20,'Normi bin Mohd Nor','KBT 5','NMN',4,23,180,NULL,'2020-04-03 20:29:33','2020-04-03 20:29:33'),
	(21,'Nik Hisham','KBT 6','HIS',4,1,176,NULL,'2020-04-03 20:29:33','2020-04-03 20:29:33'),
	(22,'Mohamad Bahrul Anuar b. Ismail','KBT 7','MBA',4,16,185,NULL,'2020-04-03 20:29:33','2020-04-03 20:29:33'),
	(23,'Abdullah Bolkiah','KBT 8','ABA',4,18,178,NULL,'2020-04-03 20:29:33','2020-04-03 20:29:33'),
	(24,'Sharrizal Sharberi','KBT 9','SHA',4,15,186,NULL,'2020-04-03 20:29:33','2020-04-03 20:29:33'),
	(25,'Mohd Salleh','KBT 10','MSD',4,47,175,NULL,'2020-04-03 20:29:33','2020-04-03 20:29:33'),
	(26,'Mohd Fadhli','101','MFY',5,10,131,NULL,'2020-04-03 20:29:33','2020-04-03 20:29:33'),
	(27,'-','102','-',5,7,128,NULL,'2020-04-03 20:29:33','2020-04-03 20:29:33'),
	(28,'Mohd Faizel','103','MFM',5,11,145,NULL,'2020-04-03 20:29:33','2020-04-03 20:29:33'),
	(29,'Hussin','104','HBM',5,5,132,NULL,'2020-04-03 20:29:33','2020-04-03 20:29:33'),
	(30,'Mohd Sabri','105','MSZ',5,13,138,NULL,'2020-04-03 20:29:33','2020-04-03 20:29:33'),
	(31,'Muhammad Fahmi','106','MFI',5,3,129,NULL,'2020-04-03 20:29:33','2020-04-03 20:29:33'),
	(32,'Ibrahim','107','IBJ',5,9,130,NULL,'2020-04-03 20:29:33','2020-04-03 20:29:33'),
	(33,'Hanif','108','WMH',5,46,157,NULL,'2020-04-03 20:29:33','2020-04-03 20:29:33'),
	(34,'Mohd Haznam','M001','MHR',6,49,151,NULL,'2020-04-03 20:29:33','2020-04-03 20:29:33'),
	(35,'Abdul Razak','M002','ARS',6,43,164,NULL,'2020-04-03 20:29:33','2020-04-03 20:29:33'),
	(36,'Nassaruddin','M003','NSI',6,44,150,NULL,'2020-04-03 20:29:33','2020-04-03 20:29:33'),
	(37,'Suhaidi','M004','ADI',6,52,152,NULL,'2020-04-03 20:29:33','2020-04-03 20:29:33'),
	(38,'Shahbudin','M005','SCP',6,51,148,NULL,'2020-04-03 20:29:33','2020-04-03 20:29:33'),
	(39,'Ahmad Shauqi bin Shamsudin','PM01','KIE',7,29,133,NULL,'2020-04-03 20:29:33','2020-04-03 20:29:33'),
	(40,'Muhammad Muizzuddin bin Ab Aziz','PM03','MUZ',7,31,158,NULL,'2020-04-03 20:29:33','2020-04-03 20:29:33'),
	(41,'Zaher bin Mat Zin','PM04','ZRM',7,25,156,NULL,'2020-04-03 20:29:33','2020-04-03 20:29:33'),
	(42,'Muhamad Norsahadam bin Ahmad Nordin','PM05','DAM',7,28,162,NULL,'2020-04-03 20:29:33','2020-04-03 20:29:33'),
	(43,'Mohd Zaid bin Ismail','PM06','MZI',7,27,161,NULL,'2020-04-03 20:29:33','2020-04-03 20:29:33'),
	(44,'Muhammad Ezham bin Kadir','PM07','MER',7,30,143,NULL,'2020-04-03 20:29:33','2020-04-03 20:29:33'),
	(45,'Mohd Zahari bin Mohd Zain','PM08','ZHR',7,26,166,NULL,'2020-04-03 20:29:33','2020-04-03 20:29:33'),
	(46,'Mohd Azmi','PM09','MAA',7,19,140,NULL,'2020-04-03 20:29:33','2020-04-03 20:29:33'),
	(47,'Yen','PM10','YEN',7,48,155,NULL,'2020-04-03 20:29:33','2020-04-03 20:29:33'),
	(48,'Mohd Nazrin bin Ramli','PP01','MNR',8,56,154,NULL,'2020-04-03 20:29:33','2020-04-03 20:29:33'),
	(49,'Mohd Farizal','PP02','MFI',8,59,144,NULL,'2020-04-03 20:29:33','2020-04-03 20:29:33'),
	(50,'Rosli','PP03','RCY',8,57,159,NULL,'2020-04-03 20:29:33','2020-04-03 20:29:33'),
	(51,'Mohd Yasim','PP04','MYO',8,55,163,NULL,'2020-04-03 20:29:33','2020-04-03 20:29:33'),
	(52,'Mohd Faisal bin Ahmad','PP05','MFA',8,58,142,NULL,'2020-04-03 20:29:33','2020-04-03 20:29:33'),
	(53,'Wan Sayuti Wan Zain [Tukar Meter - Kosong]','TM01','WSZ',9,42,134,NULL,'2020-04-03 20:29:33','2020-04-03 20:29:33'),
	(54,'Muhammad Hairul Azmi','TM02','MHA',9,36,165,NULL,'2020-04-03 20:29:33','2020-04-03 20:29:33'),
	(55,'Mohd NorHarif','TM03','RIF',9,35,177,NULL,'2020-04-03 20:29:33','2020-04-03 20:29:33'),
	(56,'Che Samsul Niza','TM04','CSN',9,34,183,NULL,'2020-04-03 20:29:33','2020-04-03 20:29:33'),
	(57,'Wan Mohammad Riduan','TM05','WMR',9,24,189,NULL,'2020-04-03 20:29:33','2020-04-03 20:29:33'),
	(58,'Tisla Nazri','TM06','TNH',9,37,NULL,NULL,'2020-04-03 20:29:33','2020-04-03 20:29:33'),
	(59,'Ahmad Akram bin Azman','TM07','AAA',9,53,174,NULL,'2020-04-03 20:29:33','2020-04-03 20:29:33'),
	(60,'Zaki Azwa','TP01','NZA',10,39,147,NULL,'2020-04-03 20:29:33','2020-04-03 20:29:33'),
	(61,'Hakimi','TP02','',10,32,135,NULL,'2020-04-03 20:29:33','2020-04-03 20:29:33'),
	(62,'Zuhdi','TP03','ZCH',10,38,137,NULL,'2020-04-03 20:29:33','2020-04-03 20:29:33'),
	(63,'Jailani','TP04','JLH',10,40,139,NULL,'2020-04-03 20:29:33','2020-04-03 20:29:33'),
	(64,'Mat Zizi','TP05','MZH',10,33,153,NULL,'2020-04-03 20:29:33','2020-04-03 20:29:33'),
	(65,'Awang','TP06','ABW',10,50,146,NULL,'2020-04-03 20:29:33','2020-04-03 20:29:33'),
	(66,'Khairul Arifi','TP07','MKA',10,41,160,NULL,'2020-04-03 20:29:33','2020-04-03 20:29:33');

/*!40000 ALTER TABLE `pma` ENABLE KEYS */;
UNLOCK TABLES;


# Dump of table repairs
# ------------------------------------------------------------

DROP TABLE IF EXISTS `repairs`;

CREATE TABLE `repairs` (
  `id` int(10) unsigned NOT NULL AUTO_INCREMENT,
  `device_id` int(10) unsigned NOT NULL,
  `pma_id` int(10) unsigned DEFAULT NULL,
  `status` varchar(255) COLLATE utf8_unicode_ci DEFAULT NULL,
  `reported_at` date DEFAULT NULL,
  `repaired_at` date DEFAULT NULL,
  `returned_at` date DEFAULT NULL,
  `reason` text COLLATE utf8_unicode_ci NOT NULL,
  `remarks` text COLLATE utf8_unicode_ci,
  `repairable_id` int(10) unsigned DEFAULT NULL,
  `repairable_type` varchar(255) COLLATE utf8_unicode_ci DEFAULT NULL,
  `created_at` timestamp NULL DEFAULT NULL,
  `updated_at` timestamp NULL DEFAULT NULL,
  PRIMARY KEY (`id`),
  KEY `repairs_device_id_foreign` (`device_id`),
  KEY `repairs_pma_id_foreign` (`pma_id`),
  CONSTRAINT `repairs_device_id_foreign` FOREIGN KEY (`device_id`) REFERENCES `devices` (`id`),
  CONSTRAINT `repairs_pma_id_foreign` FOREIGN KEY (`pma_id`) REFERENCES `pma` (`id`)
) ENGINE=InnoDB DEFAULT CHARSET=utf8 COLLATE=utf8_unicode_ci;

LOCK TABLES `repairs` WRITE;
/*!40000 ALTER TABLE `repairs` DISABLE KEYS */;

INSERT INTO `repairs` (`id`, `device_id`, `pma_id`, `status`, `reported_at`, `repaired_at`, `returned_at`, `reason`, `remarks`, `repairable_id`, `repairable_type`, `created_at`, `updated_at`)
VALUES
	(1,25,41,'DALAM PROSES (POWERCOMP)',NULL,NULL,NULL,'SKRIN HHT PECAH/TERJATUH',NULL,25,'App\\Hht','2020-04-03 20:29:38','2020-04-03 20:29:38'),
	(2,39,60,'SIAP',NULL,NULL,NULL,'BATERRY WEAK',NULL,39,'App\\Hht','2020-04-03 20:29:38','2020-04-03 20:29:38'),
	(4,1,1,'hantar ke powercomp','2020-04-04',NULL,NULL,'screen pecah',NULL,1,'App\\Hht','2020-04-04 13:02:56','2020-04-04 13:02:56'),
	(5,130,32,'hantar ke powercomp','2020-04-04',NULL,NULL,'screen pecah',NULL,130,'App\\Hhp','2020-04-04 13:02:56','2020-04-04 13:02:56'),
	(6,136,10,'hantar ke powercomp','2020-04-04',NULL,NULL,'screen pecah',NULL,136,'App\\Hhp','2020-04-04 13:02:56','2020-04-04 13:02:56');

/*!40000 ALTER TABLE `repairs` ENABLE KEYS */;
UNLOCK TABLES;



/*!40111 SET SQL_NOTES=@OLD_SQL_NOTES */;
/*!40101 SET SQL_MODE=@OLD_SQL_MODE */;
/*!40014 SET FOREIGN_KEY_CHECKS=@OLD_FOREIGN_KEY_CHECKS */;
/*!40101 SET CHARACTER_SET_CLIENT=@OLD_CHARACTER_SET_CLIENT */;
/*!40101 SET CHARACTER_SET_RESULTS=@OLD_CHARACTER_SET_RESULTS */;
/*!40101 SET COLLATION_CONNECTION=@OLD_COLLATION_CONNECTION */;
